mean_r,mean_g,mean_b,std_r,std_g,std_b,mean_h,mean_s,mean_v,std_h,std_s,std_v,mean_l,mean_a,mean_b_lab,std_l,std_a,std_b_lab,quality,whiteness,yellowness
214.9816047538945,238.02857225639664,229.2797576724562,10.986584841970366,6.560186404424365,6.559945203362027,21.161672243363988,17.99264218662403,224.04460046972835,6.248435466776273,2.1235069657748147,14.699098521619943,233.29770563201686,122.12339110678276,121.818249672071,6.834045098534338,3.8254534577572263,5.148538589793427,good,227.42997822758244,-14.298152918561726
217.27780074568463,211.64916560792167,224.47411578889518,6.394938606520419,7.921446485352181,8.663618432936918,29.12139968434072,16.777639420895206,207.9869512863344,5.085406630481669,5.554487413172255,5.4645041271999775,224.30179407605755,121.70524123687292,120.6505159298528,14.488855372533333,7.793792198447356,6.850384088698767,good,217.80036071416717,-7.1963150432105465
212.18455076693482,203.90688456025535,227.36932106048627,9.401524937396013,6.220382348447789,9.951769101112703,20.687770422304368,18.63980603118173,210.35119926400068,5.975133706123891,3.8702664565364655,10.200680211778108,221.86841117373118,121.84854455525527,129.6958462776456,12.751328233611146,7.6369936493851345,7.368964102565893,good,214.48691879589217,-15.184770293551452
223.91599915244342,236.87496940092467,203.5397000820768,6.959828624191452,5.45227288910538,8.253303307632644,27.77354579378964,9.070235476608438,233.14950036607718,4.1405199601615355,3.6856070581242846,10.426960831582484,205.6369689989905,128.0219698075404,120.74550643679771,14.868869366005173,6.633468615779945,3.1922940892050344,good,221.44355621181498,20.376299070366628
200.2208846849441,232.61845713819338,228.2742937539047,12.290071680409874,12.712703466859457,5.740446517340904,27.169314570885454,6.738035892876946,234.52413703502373,5.7397887609653475,3.985388149115895,5.635583502860237,212.4392928686265,123.25183322026747,127.29606178338064,11.375574713552131,7.323276455457959,4.8332895509716955,good,220.37121185901404,-28.053409068960576
204.78376983753208,228.52979148891978,230.43140194467588,10.612771975694962,12.70967179954561,9.937955963643908,30.45465658763988,11.413115275378244,201.0167650697638,2.6473485619598267,2.1885751141204057,11.364104112637804,212.57423924305306,125.08570691164702,129.07566473926093,7.49292229148875,4.462297538213779,6.533306831258292,good,221.24832109037592,-25.647632107143806
209.1519266196649,203.07919639315173,211.59005811655072,6.612212872540044,14.29697652342573,13.08120379564417,32.66807513020847,18.071908852815767,232.14688307596458,3.1194203533162153,7.355353990939866,10.393422419156508,232.2976062065625,128.96091299923492,123.18003474971864,6.100519245276768,3.36761097525165,4.562646731757538,good,207.9403937097891,-2.4381314968858305
232.72059063689971,234.42922333025373,200.27808522124764,10.107473025775658,9.174110031487789,7.221078104707303,22.397307346673657,10.06422757105442,237.71638815650078,3.9392175921245314,5.112743730460196,12.030189588951778,214.54518409517175,129.7178208272096,129.62447294942112,7.5178229582536416,4.983491035354312,3.805269858900618,good,222.4759663961337,32.44250541565208
211.3936197750987,201.47547789418132,224.38257335919587,10.026790232288615,5.514787512499893,7.786464642366115,38.165317719333075,8.593428360004587,205.7957948836489,4.936716561665378,7.913902724663604,7.420552715115004,226.88542189623513,127.61619615328718,122.37637543992399,12.282163486118595,4.20669879631552,5.793834983561477,good,212.4172236761586,-12.988953584097175
225.34118843043578,221.43098736299035,203.61159080217632,13.35302495589238,8.207800649717358,6.8651851039985425,20.81550283109528,13.863394147823627,227.1025744736913,2.099526973567137,5.072558349795686,7.264957751979379,225.806911616378,121.74366429004992,126.90937738102465,8.867353463005374,7.620379932420407,2.8251256648759595,good,216.7945888652008,21.729597628259455
213.64265404201035,204.53894084962357,236.98774473114253,13.77339353380981,7.579416277151556,11.59984046034179,36.34444400402432,13.328012173991935,221.18602313424026,3.45111374540271,2.558616606835395,13.972157579533267,236.01672228653322,126.33101457273268,123.390297910487,8.492095746126608,6.355734073221436,7.382661559715462,good,218.38977987425883,-23.345090689132178
235.4834569706047,231.19502183430495,225.6812658461715,5.841399649950488,6.616287140946138,13.985541885270793,32.1285811931918,5.137955774249445,204.0588617146413,5.981010614648335,2.030369503077312,6.608080514174986,221.94935157466344,126.91895197692693,126.519612595026,7.242693094605598,6.273075328085215,3.4234945249808004,good,230.7865815503604,9.802191124433193
213.0159879263707,229.85965620472098,225.9853159618886,13.49223410494178,11.576128923003434,10.683086033354716,21.87349535656185,10.515737045891502,210.608094707269,3.4639378602745015,7.838063328514673,8.930977246667604,235.68186220708452,126.31138625997264,127.94811303541648,10.026370931051922,5.461423307758155,4.955106162913183,good,222.95365336432678,-12.96932803551789
207.80971951192177,228.89808461046022,211.23089449763424,5.243159664314538,11.454722959071677,6.771106794070489,38.80917168705828,19.308928655038812,236.59457560881793,4.220952201532667,2.0927396991732046,14.283185625877254,217.12736593269258,129.66654819043669,129.63619977089252,13.530094554673601,3.766693352417514,4.310586371611551,good,215.97956620667208,-3.4211749857124687
234.04546686067428,212.6768802062511,206.7797098674437,10.568012624583503,14.36154774160781,11.96029796674973,31.4012234017873,6.457647406561528,224.6002890679668,7.94032310062558,2.8405040914191444,10.183296523637367,235.09492287711822,127.40768617754205,126.97015740995268,12.024840839871093,4.156946907318531,3.76155106558696,good,217.83401897812303,27.265756993230582
232.37444621914054,232.40453578716722,234.68289274320415,14.132405525564714,10.113423988609378,10.015162946871996,35.9659035793355,14.749458961666477,228.07867509030814,6.774756016616607,7.340032050905398,8.379951568515358,215.02331810559775,120.93981939840869,125.78280140996173,5.359422737967421,4.793588108794761,5.25586780824546,good,233.1539582498373,-2.308446524063612
211.46165008513137,223.63333042276042,201.220009997562,5.373481887492144,13.226005606596583,8.60190641411263,22.541210253037697,12.833648900822066,230.79974212394444,3.2949261649810593,5.737342854914002,5.85347464993768,202.0672688467443,125.31354631568148,125.40635121610106,11.374299014982066,6.35654800233597,7.855112476775208,good,212.10499683515127,10.24164008756938
220.65201393204782,212.91825891764984,231.80744779074814,7.708322512620742,9.389714207056361,5.784563813422659,20.50701486830915,19.439726220168875,233.43920482048824,6.175845236562187,4.45371766648562,6.7329432007084575,206.25748170684344,122.50242898164595,125.4922666470612,12.145959227000624,5.961184260306387,3.679603381675657,good,221.79257354681525,-11.15543385870032
238.19461122652777,229.51587666783075,222.17416210045602,11.117207462343522,9.1960006242779,7.477309895011574,27.119453573025233,16.367691656965537,200.57573954519023,2.696435843041497,2.2760158521305165,5.407288023189701,234.21842336044028,127.03657859380024,124.74173829087326,5.978341606510015,4.949695250700994,4.840830624683394,good,229.9615499982715,16.020449126071753
206.9280747964006,217.35406596951893,215.94018937589493,11.158500980522165,11.350936508676437,5.453040097720445,27.492252292529425,14.387898735713545,220.1254503432035,7.138939047129933,5.95216178971367,6.629344270814297,202.8227498960172,126.42419278206316,120.26511310541622,10.857755812734633,7.641381448549746,5.452845067255273,good,213.4074433806048,-9.012114579494323
215.52679704826087,225.73152873769413,218.33011561966066,10.45616789315935,14.41464808776525,8.861026378007743,39.22381127647829,18.580259629340958,207.83164539157187,2.4161678052509927,2.60466800826456,5.1822182565154975,203.77771843023714,126.83006773416356,120.71188648460229,8.189756302937614,7.069251865816727,2.139631614414955,good,219.86281380187188,-2.8033185713997852
232.57873930355743,211.274190990936,204.72659310486625,11.967371653641507,11.289428467798839,13.77472013527053,34.70142087607772,17.05221395577273,211.28138290285227,3.064637262678337,6.50368850984515,13.06834739267264,239.62020568002694,124.12617676911427,123.72018085792783,12.764129607419967,4.0448212415181075,7.584543953621388,good,216.19317446645323,27.852146198691173
234.3365100737205,217.15976109500073,230.0348427116599,12.545428740846823,6.031238688359326,14.025529066795666,30.105047448957144,17.396861991616124,212.80198404122447,7.373139370977203,4.335210072404979,5.108376514802984,236.21527905677056,120.91286676786133,123.19313637590415,14.50061967050805,7.703642881625337,5.440627328739716,good,227.17703796012702,4.301667362060584
225.27348848679196,217.9378208791328,211.72843086792258,8.28664545369916,11.725184560770384,12.5237452943768,35.83158087451697,16.84427214191831,203.6482441219476,4.966521828215489,2.3453525600998657,10.495288823237356,217.6612200549351,128.87704182758299,123.50915012552079,6.170670164276059,2.857950092317015,6.569063790304833,good,218.31324674461578,13.545057618869379
224.72872253265044,204.0449070449116,203.3642722445999,12.0096913145912,5.727630063641936,13.218600592903563,34.124844543129925,6.2202317096284965,203.39350856340766,7.919837471007053,4.245624774536722,8.706421470668909,232.5119826903001,129.4724857738386,129.86001063822872,12.533781852589417,4.257557513185494,2.5010043001920126,good,210.71263394072062,21.364450288050534
231.08587663709747,222.3361699894322,216.96888036987906,14.06354385094736,6.111974823061513,9.926251042908591,20.227072895348382,12.029909629911895,202.2521310272735,2.7129074976084313,2.7051574806626295,11.492103021160636,229.84179517061693,125.8336876509716,129.6217254847454,8.74870579523704,3.7142725176911644,7.211594769136761,good,223.46364233213626,14.116996267218411
208.94383354077812,238.52890157762445,200.48617898759267,14.69878826707639,5.431599119505761,13.911431136980712,30.554022181725998,19.894471941789504,202.95186258941595,5.323125706407925,7.815815213714593,10.230978441701488,225.1759455254105,126.95748688984617,124.54541064767773,11.275580800840634,5.505885871538601,7.406948062945934,good,215.98630470199842,8.45765455318545
201.8178552136583,211.2385275836892,238.01645936306235,13.902637838909163,9.55656752785713,11.201325978015367,25.54762365962265,7.82181739585642,218.54793619759928,4.120113368156317,5.501936671105232,5.777346369649848,238.97579230664667,129.86210744479604,126.98161714019746,10.360963663441204,3.8571656977179662,6.882770118241692,good,217.02428072013663,-36.19860414940405
227.38924690215518,206.50467757379565,236.4370873797537,13.22537242923169,14.49799913291924,12.2571950838836,32.2683039187158,11.273645544359283,237.30913933416053,7.19638333700245,2.2713120206371364,5.26366974497252,215.058534675122,128.10553330781832,129.87276129314944,6.504168911035282,5.564784292112811,4.285345139786129,good,223.44367061856818,-9.047840477598527
238.79657591258413,233.68475692542836,233.53314818844552,9.686931597949702,9.148195023376651,7.734070719307063,21.127509933018544,17.9708356438258,232.5160403652031,7.998306039716784,7.979821022443432,10.554317056026274,230.75949660722043,129.44765729882428,128.49647390677413,7.473481017431976,4.703264811860561,2.77495649090897,good,235.3381603421527,5.263427724138609
238.1620410903489,224.2469853780352,209.1457122201385,11.717006844058567,11.181282404578958,8.581627180328404,22.27115184399258,15.073597933891994,220.81230803615173,6.633910350413836,5.12098100667196,13.5218150031854,222.0762735509794,125.60937971535387,128.76653602658345,9.03482866212397,2.804091370703844,2.172696057880034,good,223.8515795628409,29.0163288702104
230.20549022694476,224.8123820541386,228.16319072396894,7.129641615089107,6.363714755867697,5.1454466566788195,27.011751176131938,13.848765302819496,215.68976180398928,4.624849532142374,7.42495216696249,8.482554670233004,220.55957956639244,127.83653012741144,123.9654278232127,11.220867002278734,7.174182252480471,7.697123741945853,good,227.72702100168408,2.0422995029758226
205.8829392371615,237.06350500645976,219.68465172318153,7.582443882989583,9.591357562382612,14.800325752854771,29.85236187985739,9.931274154312623,225.33603417266903,3.440873712669158,2.4551799686519837,6.288797219106492,205.1218335583109,121.51902693512294,121.3882717264941,11.408747448032146,3.091280506394869,4.074003699943179,good,220.87703198893428,-13.801712486020023
235.87153639624046,218.9584656105149,226.7023095408411,6.723198712016298,6.922890188086708,5.408686162664789,23.37870126144329,9.17885508547938,207.08041937106987,2.532215202542334,2.723815226603605,9.607787680327258,208.25334873623171,123.64269861048075,125.03417270854857,11.903948286293653,2.2358728390465936,6.796462393454256,good,227.17743718253215,9.169226855399359
225.11601557963633,203.27036127795486,234.94314496427108,14.208724005318132,5.610779598548637,7.768776481472037,36.12402559586123,16.223895355754877,207.3808407742551,3.256095940020262,4.222832616748292,9.845229851910213,224.73019086121184,123.68913639569773,124.62534716133148,12.474709381337565,2.2200992173435874,3.5146216660641247,good,221.10984060728742,-9.827129384634759
228.53398343538208,235.80827350748797,220.46709768462665,10.321134852653156,6.0717201133977605,9.474123668234547,30.652345329100463,8.637057554520945,210.76972923797524,4.263704978627736,2.120427186666358,8.220791655831782,208.45792027986178,123.27497352177915,121.19762131819252,13.90527280739895,5.561554721324292,6.074613914866937,good,228.26978487583224,8.066885750755432
231.56684954429352,219.9376879571623,203.47681152349693,10.371065418185477,10.868411180208792,12.4543947418433,28.63319092459359,6.913704541933456,211.35103623194897,4.178493778391811,5.875503447989607,10.70778304668912,214.24386903591386,129.8651524879298,126.05774819356887,7.372267917359945,2.6106948357224224,2.9171548351059924,good,218.32711634165094,28.090038020796584
209.8383091353803,206.42725493038222,207.46268096205222,7.850951686938471,6.733735952947548,13.967654246264251,21.604674913232845,12.867670843553821,216.41587307958645,7.894271701451638,2.672233413008314,8.978555990457416,238.77881733101475,128.6550712589398,128.1707207094928,7.579028270449398,3.0253255243403947,6.011859319546586,good,207.90941500927158,2.3756281733280957
237.17503956510342,222.2705157205572,222.864507578796,7.799790936602841,12.694929331919369,6.870437485575234,26.473584728084873,11.381546579246251,220.3044151473782,3.4544583944904814,2.689020948435221,11.106200424416325,211.54522212961024,125.81238221422612,121.54362715274202,9.811401018548175,5.195536595309515,2.3109412209345614,good,227.4366876214855,14.31053198630741
213.46417112775683,205.37658707755898,202.5349988189107,14.899602323899453,8.22353844974723,13.09874445854635,25.092813095275275,15.22254083335894,230.40911439558747,5.573832443647065,4.82945713130095,9.118409141472686,213.95473066171982,129.29529144247826,128.30619407787728,14.650269106665126,2.7457833409132686,6.385204851221865,good,207.1252523414088,10.92917230884612
237.53361827284152,207.2493226466264,202.6598506946711,12.41120649290059,10.744731131799119,13.41828776758272,22.79544753252579,16.929009677898353,208.06509280190977,2.981935657194227,2.9855947875859576,13.14574720231382,226.607888827848,125.23065424769119,123.58830484123503,13.772005408131083,4.354670644535812,6.899596636829463,good,215.81426387137967,34.87376757817043
217.56539634280873,215.0777771769963,218.50719142678426,8.01377874164142,12.476093801762511,10.027203900924793,24.644253902936345,18.493618599118527,215.35564885492846,5.261317166683932,7.438832665787282,11.242379959139921,204.67592162833455,129.39832123613476,126.27708053071417,8.349056146570861,2.8356324359803233,6.764151135621776,good,217.0501216488631,-0.9417950839755349
224.80291023714054,221.33844367905286,235.7557033220383,12.885972112245307,6.516748797327512,8.117220677955483,24.969782796289316,16.159194388590155,201.34129738943116,5.419338109227899,6.574752114444143,13.767656367617494,213.6832699486363,128.21257304672014,121.10631736955207,13.464522917345182,2.7649319739918945,4.383723743362204,good,227.29901907941056,-10.952793084897763
231.89181463118214,205.99669709395096,209.17005580930567,12.222525683930662,12.200365365460744,11.411476328852974,33.878968889342005,13.140866650213942,210.0719623562781,4.074175961023517,3.089586300808554,14.084505613336283,223.33567179064482,124.0085141676364,124.62005803644132,14.472833396118153,2.920108418696481,5.517378992100784,good,215.68618917814624,22.721758821876477
220.23554715537864,224.4581694173859,200.72440735283362,13.721239089441514,14.321182824836123,10.65133183589209,33.93301647753785,18.837490717659435,228.28954537253594,2.915234257485568,5.457730161000879,11.06715046382856,216.96522685209544,127.36444235624722,129.34367014769015,14.255685129067764,4.705036228424793,2.6794282750445317,good,215.13937464186606,19.511139802545017
239.39364795849337,233.55592345783737,204.98650724813066,14.208418826173723,13.698963620621283,10.188380571260721,31.825508714898586,10.985040558051953,202.19046555288125,4.011183449875405,6.817120691588069,5.046320230046028,213.33996686764576,123.98168693590944,125.37395602937923,14.198556164127606,4.078075966195767,4.081719211377366,good,225.9786928881538,34.40714071036271
229.50004992438994,218.08871763559227,208.98419291759927,9.524395161326934,6.408570203797998,6.763869865062233,29.967355454789594,11.28388174256822,236.593836042724,4.174363394699799,5.4835301016682605,11.322642879195303,200.52377826353336,126.63537372016711,121.78035966869751,14.610703174694551,2.8919763665186777,4.487744742362143,good,218.8576534925272,20.515857006790668
203.41398672314574,239.8749700738379,220.0878004132497,10.953850173200438,5.670764773884275,12.499604703991778,24.198111861911716,18.470814341610705,208.2055856192803,3.1441263239819994,2.219298007088569,9.720669451099992,222.59364533050467,120.65708639428352,127.75527616695011,9.532888347480277,5.14634161596548,4.644576481629369,good,221.12558573674445,-16.67381369010397
216.03052243501304,222.3856132523287,206.2096098372285,6.819281304952711,13.617856210135173,14.461154621336327,27.46618632559506,9.061170097153306,225.75998172956062,4.452405026588578,2.152318133962069,6.561525973661904,228.6388891538959,126.58923941910152,120.27095992503483,7.219721619329494,3.386448779528428,6.03135646159237,good,214.87524850819008,9.820912597784542
200.78842151017457,204.16434327938296,231.99664341492758,6.785446620543336,11.527461078518748,7.381827810467265,21.988827855186905,8.647582864991811,228.89067727422636,7.1341788086377145,6.981319187401949,8.971835296184548,226.72340546282584,122.04984295415821,122.93147730261013,13.963358185211197,2.0780115410644164,2.5130511851268085,good,212.31646940149503,-31.208221904753003
208.3154502058411,201.0612881549528,207.2574174035919,10.83041560969692,9.214245505924978,13.926717110769749,36.34887123476882,10.127260275468139,210.3769373372517,4.278154449003601,5.541769655088847,7.680636408228763,224.96595631396536,124.09411652191241,125.5204718085198,9.361265291353167,3.7667945572515062,7.69071984177294,good,205.54471858812857,1.0580328022492154
230.54423176639042,205.6045270306581,234.73871903591652,9.874311982495136,13.945522268940914,12.998552559473152,28.50427008938467,5.337039624801761,210.74709437539784,5.249805287965201,5.800869318956884,7.578876854332023,205.57424296291296,128.349302367993,129.84402180703552,10.256901823026858,3.030075715089821,3.6338439591162137,good,223.62915927765502,-4.194487269526093
200.73562706189867,236.57195226241996,204.71004331560565,10.765164755142536,7.74055220687206,10.541780025157934,33.02840776703729,17.446127055608024,208.25685087042413,2.065974971950883,2.8213137804128436,14.00018641848105,234.95560310250062,125.97413102170309,126.00516860433653,11.650366745462556,3.0522276717406975,7.486471675549758,good,214.0058742133081,-3.974416253706977
216.75082099568291,215.3255411299799,220.7567082113135,5.46965966775055,6.662833687560794,12.380336164263705,21.65597335850253,14.047281641995824,209.81396438725284,4.335773684251859,3.7321624206241992,8.556727164649491,228.7618362073698,122.97121715623175,125.66404640296898,9.760504021990997,5.982026992175889,7.6209784359485475,good,217.6110234456588,-4.005887215630594
229.30288388841,208.59761514363026,201.2473254024514,7.622640442998251,10.950779307002549,5.514258134842503,29.927324944024726,13.952642733753338,213.36975563267845,6.625473222474931,2.639589518802631,5.751377817358088,229.12755024814413,124.95491316206198,126.88402396427736,9.348273386037462,3.478412199434641,6.914613906045198,good,213.0492748114972,28.055558485958613
231.97663515875917,227.7878588341771,210.8858054891985,10.902306668690871,8.609738969400269,5.915820733266342,38.34627150924486,7.052279463784421,238.0094941528321,4.676034637747734,3.110797573031718,10.419009473783582,234.91783343505634,127.32224886409561,128.0656114786145,11.587833667107173,6.153659387107115,7.0951739093919155,good,223.55009982737826,21.090829669560662
209.98672035436743,219.57699854572562,208.8483776727841,14.87668007996647,14.440593396866133,5.394268113685059,34.11150345031377,18.878724761234988,207.22301380509333,5.407671383315777,7.492929785528251,5.339459785857988,227.8968106898736,122.97349007372551,129.2439619537653,14.710582451653679,7.665598934680603,4.845285299944782,good,212.80403219095902,1.1383426815833388
234.48170603957254,233.7819759414028,212.7640189297302,13.289154741506774,5.370076347154926,10.96269878482053,24.600176745754062,6.808503286659182,203.07812806516836,6.177732655268839,4.039249782608397,12.247667715287616,202.6142536319577,123.1529033783061,125.39491292375337,12.907231648389637,3.9125150175924195,5.755348258622055,good,227.00923363690185,21.71768710984233
235.43910992944748,224.6345275272922,209.31837899014536,5.24400781556538,13.700988739009299,5.212694108503872,37.49403345368399,12.93405701040818,237.56270794051585,6.792699414641993,7.987604663200025,8.507118154517102,230.68753155724508,124.01930913609242,124.79875620303909,11.2750546321837,7.242062685118032,7.904500815195771,good,223.13067214896168,26.12073093930212
230.73093655458072,216.71067128669335,216.8542800910828,12.375823015888916,7.387771457683023,6.104741131313947,27.09244315281553,9.308584874811226,211.8523248182396,3.4016465062994596,2.2525591378181713,5.1787393473341385,239.50889558944127,124.27773133735863,123.84326647159682,11.7964728269307,3.309523327190385,7.699767103701352,good,221.43196264411895,13.876656463497909
231.4538005766221,203.57644009249037,216.70323103139714,13.791183075621646,14.447320222914103,9.674015112498697,32.268227784214154,7.505509191381128,239.64674504547907,3.3900302083006606,7.656390644810754,11.496466489923684,224.30947179515437,125.12688511016509,122.30669811717759,6.765280320055083,3.322917254421052,3.118629572865527,good,217.24449056683656,14.750569545224948
231.18337894267012,214.0050103666692,202.31370706253585,14.691026301408113,13.837858849634257,14.27752283195213,39.8981564529287,7.608428738292309,215.84968075610635,6.549430854224548,6.176123708322754,6.538959063398551,232.6333249996247,122.24440571836661,122.23817614822623,10.369744228934135,5.557639609050219,5.480517247026867,good,215.8340321239584,28.869671880134263
203.6594734959102,235.0984345052152,210.62400170354823,6.295149212828042,13.887480798689772,14.556514982297534,37.24255234530901,17.142741120873172,226.20967922556088,5.305144223654835,2.5219205594684606,9.084532130706986,214.90754068049256,122.59753783760326,127.23420113688584,9.958757350787709,2.4862772954458876,3.321099211698868,good,216.46063656822457,-6.96452820763804
227.33035054638384,203.045234379612,234.04827656195076,9.951465270139742,9.80586577326648,10.924077846595175,36.49361931850298,10.217138118532896,227.12064610236254,5.394391783974746,3.602169621016528,13.78629986355158,231.89704086427713,126.58451834658426,128.50581729094242,13.672942009598025,6.250177860290209,7.022079970182032,good,221.4746204959822,-6.717926015566917
227.89885846677134,227.20563087041202,224.74445512860737,12.527166395576412,6.586051052930737,13.808707591989284,37.436870554904644,5.438709245518387,233.0326700225905,2.773219204840671,4.010713125554851,12.435082562916078,206.43039584193232,128.17967024119062,128.3213417795774,10.074677337608362,2.0383152303010013,3.7222287990494767,good,226.61631482193025,3.1544033381639736
224.6770767350297,239.24744712109694,225.27254108066674,7.598035810641598,11.340057030996114,10.399853797158555,35.596907903022874,6.604709582404376,230.44111610008113,5.247599472056661,7.777952023153968,8.418721660386861,225.30487572535793,129.32028105510017,121.02509727990679,14.372284872364512,6.12731433380488,2.4070223546310316,good,229.7323549789311,-0.5954643456370547
212.03854267787264,228.32688354581126,202.69402405875087,10.821704601762733,8.458830569529567,11.20915517767477,20.914840676250257,18.073052092285643,238.9395587670959,7.813267131714149,6.497910990457548,6.30086240130632,230.3305278371609,120.24586916458802,120.22123551528998,8.236102191495412,4.931859142427994,6.622444506846759,good,214.35315009414492,9.344518619121772
227.3318150642602,217.83610825506995,210.94506665126664,14.971245001577111,9.261813022359728,9.513870243296754,23.272476423833382,16.92214323124894,227.74728903125956,3.3246176767325624,2.494286273695056,11.80499302074713,226.18044857124542,122.7325952699821,129.5086356225041,6.510578917809003,4.594008806255611,7.661695521005593,good,218.70432999019894,16.38674841299357
216.7890926770449,225.54103790656342,215.90377591851177,7.7421520234867005,14.839776479598282,9.09334006315043,37.881984073582686,8.449319088366293,208.52418816100334,2.186804497307068,5.91000095225531,8.685263437237612,234.57432999358548,124.73209906691557,129.6819342791472,6.855255157031212,7.211739007733665,6.65958111675045,good,219.41130216737338,0.8853167585331221
230.83687378576207,233.7913291246755,230.44095963771997,11.262203216314154,6.312448776823876,5.325261794912519,38.41695695631374,14.24975471781107,231.86149163904705,4.8891341090753,2.7038491337743666,6.251857922025504,227.42261148915884,124.30305894899463,122.00524726700337,9.91594546741437,2.3852536224508043,5.4918284114863924,good,231.68972084938585,0.39591414804209535
210.7597361774039,231.90236402548751,212.41447835694294,9.552201490818012,5.116205399081006,5.724468877945589,27.849871128133696,12.199082520756853,224.00082192477214,3.7499754722558194,6.169891316759255,13.601223971892045,231.19403955573398,120.39618825348357,124.80506947257828,6.049301784181749,3.452270095175165,7.919975559602879,good,218.3588595199448,-1.6547421795390278
205.69982171606054,219.95552613805424,224.72622937272476,12.024649705441039,10.596486834869141,5.097708474191837,26.529226164879837,12.765674650770672,203.51465996579333,4.103761587255084,2.1992186527481996,5.785784971550207,215.87693104806385,121.3271575404306,125.67540848261558,11.894649691372656,6.803520194654498,3.200901465468861,good,216.7938590756132,-19.02640765666422
206.6993032903628,204.18271361337602,225.45720998174548,12.064757264869012,5.31586144825642,14.362122462436899,21.03942567302945,13.119445029516058,228.36242077803666,7.225814742476514,6.284521592794567,13.017280830697919,213.57800770171224,128.1482511374651,120.80114846384676,13.948166560605276,5.285554256922417,6.903786619774962,good,212.11307562849478,-18.757906691382686
218.092731380732,225.743107807861,221.05610643744453,12.315895217553319,5.816299820305896,5.603520839905638,24.94206468020293,7.393170201697825,234.87134266368807,3.315283924148266,7.855191534914788,8.368957917711068,207.28471662754797,127.8969850714248,126.58707775500876,9.98195716453139,5.332181305625787,6.315210669633583,good,221.63064854201252,-2.963375056712522
209.13818965325194,239.85335664226966,238.9917264858713,11.50325686346937,6.9954245092914515,11.802282424312914,21.443968179583518,5.459787533087091,210.30731554044854,4.775737740435898,7.209635032450283,12.27169069766308,229.70826084799924,124.25493334448075,123.45934992546962,8.710387629846027,7.925897382416347,2.240655148474895,good,229.32775759379766,-29.85353683261937
234.68125984489794,223.14701634289574,217.54461676758362,12.252576604151365,9.866689414247029,13.734232380816605,38.01403728022517,11.325813903101832,211.07311188940207,5.554101971560174,7.474180073700146,7.106621890056665,224.9186633425393,126.31560220092521,127.33113022415282,6.315676851272598,6.294949788092532,7.454195123993846,good,225.12429765179243,17.136643077314318
207.18732435480968,209.5017329969551,238.85580376166558,6.809769527094898,13.543850933695792,9.922778564480348,24.94462148806354,18.06124851908767,217.81221020010662,5.088904123578141,4.155400216398594,10.929508514349275,206.54095490340092,123.91081536651761,129.69412322335288,7.581334327011275,5.940419987247753,3.951140385348169,good,218.51495370447677,-31.66847940685591
230.93892502746402,205.234946428734,238.79284180314178,9.537895413836392,7.36050463346464,5.734967473300126,23.395158101750816,12.796609228340266,213.48012705725145,6.973300195295657,4.585325141970836,7.487142725876299,224.6857994641612,127.06777216885446,121.6704190790095,6.676192162883177,2.220028561601258,6.4184120903938435,good,224.98890441977994,-7.85391677567776
226.5521811048722,218.98523502999257,233.7668179587679,13.056701529500533,10.853543643967521,13.682712805132587,24.116824200735365,6.678794290965918,210.7899844606796,2.342521136535889,5.187017168006192,14.366056922949614,201.5737416267404,121.22109914010026,124.52199028283435,14.33875017527905,3.896936629860503,5.043408852130355,good,226.43474469787756,-7.2146368538956835
201.66291436201567,205.93372803848357,239.4652049183539,14.651186964360456,5.049399809344096,14.51811785423239,32.78239875631001,18.01877441780033,218.18959422535437,5.093576171475501,4.933079481541521,11.668642575461043,205.5860501902525,120.29973589872678,123.0792994159119,12.046807627366467,3.2111207127376904,6.040594599949504,good,215.6872824396177,-37.80229055633822
218.7964818442908,183.75602863157673,196.90408472900504,14.437502193045711,18.681422543775053,11.771497894473859,43.85251904452329,31.762305792962206,217.78456877896093,11.832480282896459,9.971747640084274,16.17847240201214,214.7561993791487,130.7060974663883,125.30387059696837,19.30948695506978,11.895267510315612,11.765133857772465,acceptable,199.81886506829085,21.892397115285775
188.62700609590868,206.3554188093063,185.75457622616634,16.512329770414922,11.065930303079908,16.57845304603036,49.98827451541333,15.96424077721112,219.0869673688527,9.069079607228705,13.707534503372592,17.823854840582733,202.68065043946672,132.38449209251326,133.78515561301347,14.041403216510329,8.270331615632387,11.675933855635847,acceptable,193.57900037712713,2.872429869742348
212.31383767765033,210.49140539106463,201.91254595434538,14.35583314812933,18.178342161750216,11.202090553706084,40.88978195921699,15.115173209962432,192.98343319601082,8.66461534871398,8.961726916092553,16.954672066898624,195.54232405081382,129.4869362262253,127.37544130874328,13.7325179162934,7.2726962726315145,5.731959237684436,acceptable,208.23926300768676,10.40129172330495
204.1379437352551,206.72851194220064,194.77961384038457,14.634940438005724,13.797857801792297,18.633336495718254,40.38163570272436,24.58363755259462,181.02568263225743,8.412478276261563,8.80195618785857,13.988227808969004,203.20689476909328,130.3360254672688,131.07905092793445,17.648832615421284,13.129857387160936,12.181230762264944,acceptable,201.88202317261343,9.358329894870536
218.2209478381974,180.72930330705447,177.83111942734183,10.075628749781421,16.47474714154603,18.98030548949987,34.86964593152599,33.54069089592613,182.41069561158244,14.344360268055143,8.516226872396345,11.014208284492165,199.43487036745302,127.56776567720507,127.84872901961923,13.072899649262865,13.030258978326634,10.391612766752544,acceptable,192.26045685753124,40.38982841085556
192.45230796624014,204.41335133243672,198.64602696892774,12.726240007335338,14.135491015253514,11.218860933369475,33.622986990693605,28.622357079299654,187.25753390782506,10.251633836670601,12.090462617224327,11.068769230947439,202.69248878515614,127.56562783701364,134.6292687523758,14.835456467199247,13.059925497751582,10.502265421562617,acceptable,198.50389542253484,-6.193719002687601
181.73650131419276,205.3260550237609,208.05613368826627,16.016118201463314,18.1918885942679,18.84206463348408,34.56159543897865,19.240896798164535,204.43923955403966,9.110284698067048,13.398613028667203,19.00023123398011,194.1368551721087,127.36870558974482,132.8052551524386,12.74806035548136,13.226143185136785,9.237382536487628,acceptable,198.37289667540665,-26.319632374073507
206.70199597165882,183.82141255338672,194.95437298706292,14.517676787372292,15.866084631754742,11.680142077448634,44.73747489888364,32.25594155086457,188.66959200363104,5.957145555201617,5.236385860463364,16.41971500443266,204.28376144355124,130.4669741271407,127.31947096115975,13.909059959055146,10.94476335186173,9.967668588591694,acceptable,195.15926050403615,11.747622984595893
219.5114208085955,185.45759010226934,197.80578216190375,14.043187681042921,14.281996149256148,17.175977656581765,43.84872302648739,34.825119874043764,185.13577157816502,6.041096493841663,12.24338817128741,15.78386917006409,190.96642666239222,125.79419368988987,125.8565824959643,18.941908746641182,6.918673247187429,8.233715621155207,acceptable,200.9249310242562,21.70563864669174
189.06625608907953,194.19985223327748,172.77695370984372,15.190597909082705,10.67612563592215,18.003565078223616,34.67424163820866,25.800238292090214,215.20316350245832,11.50877369047194,10.329577865513354,13.243337531153756,193.32007652232792,131.6948695519819,134.94139361221167,16.618391898493787,10.57783417370025,12.30650510239246,acceptable,185.3476873440669,16.289302379235806
198.60822449134872,182.40569370403142,192.4918726351164,19.5762528450538,11.753029423576596,16.900048908206657,34.01867377318113,25.716553689461627,183.8670579858688,9.503709362581851,12.56163328895246,13.475715242389821,206.59646897948872,132.9544996078973,134.27177819479454,12.346420818554535,8.993159158093082,6.524160133304174,acceptable,191.16859694349887,6.116351856232313
219.699340086335,217.0800387169718,191.5982852112224,18.420332943764212,15.20957977272042,16.235856880027598,31.78248864232033,30.10540840993616,185.10853934540938,13.260676302525283,12.820280876703858,17.087446977429764,181.44641522099047,128.0312835594533,127.63112569910842,13.60136407471519,5.876427467638385,14.369578230310628,acceptable,209.45922133817643,28.101054875112624
202.15208962849505,192.22097242632094,185.87926068297133,14.472025405048356,16.005943333606172,15.156794276964977,48.38783946428835,24.939269658116604,219.6863205929325,13.514249577450958,7.085105143573358,19.30595214643916,184.65465591541906,133.1744970849119,128.8062329347658,18.779743204450696,13.680566901074503,13.059254001176212,acceptable,193.4174409125958,16.272828945523713
211.60121745228247,192.18716556392164,173.2367713220501,14.029801787651614,11.735245149865086,16.949510889024616,36.92199453075571,34.5122040171983,205.6388830938133,13.224805636343609,6.3252467274184845,18.620144822726225,216.91028762053577,129.87061918818935,131.06252937750978,17.648098009029955,6.748386272604126,10.025660764634424,acceptable,192.3417181127514,38.36444613023238
195.94652111089252,185.85495968648996,184.70137689166125,10.681723093854936,10.25811906949487,11.351662891548228,49.26230223178348,25.99059071790034,218.6328864461288,9.324978783301319,8.118161330852596,15.061418628402441,197.5804675453164,126.05664684261744,131.40826314690207,12.160381825095996,11.195879548978295,11.502010923981533,acceptable,188.83428589634795,11.245144219231264
186.08099412514593,182.45398508442673,201.2304634427376,14.598004237693202,10.581637955054758,19.94866317169767,31.155611219927334,28.900704577171062,219.34715701053653,7.391801042159257,6.422493686871961,11.213849394224289,192.13100590270383,126.01045811010647,131.9216134169413,10.622917981300628,10.094221281497898,14.966968538529768,acceptable,189.92181421743678,-15.149469317591667
212.55881078024075,204.60877752924043,182.25014483146447,16.238958362916385,15.270414639116517,14.260833838903714,32.61420753480399,32.732084304809334,197.9913859528529,6.946225118207651,8.677593508772896,14.141297525289271,213.10151582267497,132.33614380561403,132.6930489364134,10.110312644286472,9.161539981797615,9.813441516353237,acceptable,199.8059110469819,30.30866594877628
180.76769107292228,190.39252834980138,200.4115929248854,11.37109705728999,15.353101314525917,12.152018720172375,30.242415492877864,19.82402915199083,219.03495019640215,13.015371118829895,14.595766443210334,14.878540439263624,184.38944794710014,130.47959488973692,129.54377334559962,18.443570827396158,5.980825807842446,9.882411370217781,acceptable,190.52393744920303,-19.643901851963136
186.00194658775936,192.9870370756024,199.49428309551197,14.760181293687666,13.758882851457694,13.944762785700354,39.18893536811973,30.700330876741138,215.68338755760936,14.553346865039282,12.86903386255295,13.154068957480128,207.5253882434617,129.3760312405539,127.5467062204605,18.408715794259226,5.38426348962325,14.017619921354235,acceptable,192.82775558629123,-13.492336507752611
198.45909858498936,205.48805907233123,196.3741568882313,18.951177407065366,16.366696821672072,16.13933584760062,31.3330408112138,25.36816043890408,186.00676003268165,12.374337687214856,10.122219208126744,16.802277792083533,181.66691602409537,125.84792016045803,132.16323388062682,10.720843359986734,5.712567277652586,5.1210847523488745,acceptable,200.1071048485173,2.084941696758051
218.2600559319792,209.50033437836026,184.13005634008258,12.965355812876552,13.497032297458496,17.74653531181182,43.22741222140829,18.70391135734936,186.96437341336338,5.983956497133973,11.603027197013382,17.643726622217358,190.60185713300015,125.20944961030912,125.82171667476428,19.678600348450303,7.954447774774202,12.692231478381336,acceptable,203.96348221680736,34.12999959189662
204.98654275417056,195.27758558611583,178.2274904878222,11.213864181594065,16.150129680388666,17.74633780637788,42.878085070822614,25.606042664983164,181.67804893726546,14.684887775943839,12.987141916545745,12.928220367009647,219.19881317435403,131.0188158963632,130.82422658207247,17.480731794295323,13.117697880901375,11.564786073315027,acceptable,192.83053960936954,26.759052266348363
185.123829854648,193.53070023977995,207.12334561304198,12.24615611843852,13.721670238375133,14.32076882944196,38.788099793889046,27.25879164989051,217.7230335097883,7.40692711832505,6.21501376300918,11.974704898599374,215.47699600837078,131.45810812655205,127.85906789239161,18.159469389686173,13.61369996363436,13.465143386902781,acceptable,195.25929190249,-21.999515758393983
216.75706134558217,190.08964080693445,200.20167714985112,14.6053949727414,18.419985528900614,17.284906771616132,45.52894892999449,28.12323675362143,187.09715077878826,10.450269188969383,14.846697395245082,19.37388066497119,181.72694943188046,126.64814815729437,126.31728773454562,17.259799099852955,13.17785329856945,7.135113663106719,acceptable,202.3494597674559,16.55538419573105
200.23410771807318,213.628121120448,199.31206179065003,15.422372054918483,15.903476904587729,15.0836054691628,35.95096902637641,26.300439857180322,207.5554120820036,13.733229158608077,11.36291353979248,17.61121537043158,186.4028653981829,129.6155747441979,125.09331619827093,12.46678864521623,12.264617151130048,14.918099513493635,acceptable,204.39143020972372,0.9220459274231416
183.96712398348865,196.05977263445152,202.0028387479664,12.040356346288988,15.550849493022863,17.330712960296747,42.31970900520358,18.760494692308324,194.21538274742957,12.837917844853973,10.542265141320167,10.052296135429128,210.43963040112376,125.3531135494024,132.45733782731233,12.024805601652375,14.580734801193802,8.679407513020845,acceptable,194.00991178863555,-18.035714764477746
193.07726465352317,185.95552201329778,182.2241686196086,18.766507618282006,19.963343376272473,13.683095305068484,38.972212619090854,29.441418764054742,215.44783121860297,10.930443341867841,8.915256981778294,14.126218408486238,207.82472585987227,125.03218263604279,131.1958933745984,13.554930104413573,12.941973312770843,5.929906398231322,acceptable,187.08565176214316,10.853096033914568
203.5280906779356,199.23891559544495,195.6930210362091,10.648535944829684,15.799837874281312,15.614845879595237,41.21320188832342,27.069753331929096,207.0587174890545,13.049889996807698,7.698207201282143,18.25049410180062,199.93022729053814,125.77058279134332,125.5855092924398,13.342383186960607,12.848969771114675,12.076809347409156,acceptable,199.48667576986324,7.8350696417265056
211.54459858689626,200.69076225766437,187.60795991821962,11.47452526706284,13.281927536093114,14.340193661738752,31.772008593592346,19.412239054224223,203.92901176254955,12.356631142391898,14.983475113929497,19.33113331343558,205.70260798140765,129.21248053294073,131.36177364708232,17.85651618080232,6.183361909233874,9.099048896962882,acceptable,199.94777358759345,23.936638668676636
213.59209142542468,195.35331807732177,192.87489084908745,15.877693608621982,11.844762531336393,13.622354416522883,36.690225774838645,15.523934170641295,180.96767055565422,13.316970436757735,7.730708099728124,15.180787662388155,191.94902294355091,134.4067924511534,127.59296758865774,14.296568127389351,13.727302504846019,13.419335667918087,acceptable,200.60676678394464,20.717200576337234
187.4440567138511,212.1057323918284,188.32747546951572,14.829688720853552,11.334799724159438,10.806015137571247,44.5587861394753,24.929223047105996,197.47402810460719,12.295082286523968,12.655128989911098,11.589081676693535,204.40900597910564,126.35354082277685,132.51375086029046,16.569551562671396,14.56614621083458,5.689580163564212,acceptable,195.95908819173175,-0.8834187556646214
182.28218884605016,191.287482987728,180.46822734943623,12.469787990719999,19.062545805210366,12.495461998495061,35.43899452257262,30.187965248359276,197.9895936980216,12.767105569551813,5.653661575643852,14.875711936733843,181.3445440073313,125.62653203455355,134.0643745334441,11.392453711175952,10.32420682275217,9.110956026007067,acceptable,184.67929972773814,1.8139614966139277
193.89373305035372,215.99333382749091,170.8729358710196,16.63789686175589,19.633944342135504,15.60168183461842,48.73644924066184,16.045157585720474,196.75173276296647,7.601577909620511,12.308209649807297,19.812970904972467,190.26120249776991,131.54174601474074,126.9809763275974,15.653302545716098,9.639324866883362,14.72005329631537,acceptable,193.58666758295476,23.020797179334124
204.34109090785867,193.98025488347275,174.56383139551733,11.512468287349346,12.25316929951235,12.509666613402981,47.01232115682276,26.224455765650497,200.93563645497466,6.147688718692175,13.60139693349435,17.228143032084837,182.70673447600007,132.0783509722977,130.43538217342646,10.817253457467782,9.583006415286565,9.84696287130047,acceptable,190.96172572894957,29.777259512341345
186.63098160653104,217.8279258800113,203.99901485922646,16.690223373291083,14.622955610006072,14.117655415845086,43.01946934301908,25.90863738813811,182.49092423527543,10.125026487703316,13.064036172328395,14.592398775969581,182.07826310217072,132.86278199384034,127.01363782135974,12.586208348880387,6.6470635343229585,8.302150648714974,acceptable,202.8193074485896,-17.368033252695426
210.2700602275454,200.7754343801575,178.1952509660285,18.778300781520407,18.795818549515293,18.70578425046007,34.77592422763078,24.02478688361976,219.39958624563502,12.720124763099903,5.271674212255598,10.65204591260492,198.55725507249332,134.0922020586156,130.38701797952714,14.978125080342902,6.054736999566305,11.567801047242941,acceptable,196.41358185791046,32.07480926151689
212.88412642400903,195.21680030030248,201.0244740370131,19.644766539008117,12.03766459127689,15.233296311947413,35.74275916169151,30.857088380676785,203.1037346352463,11.345824175503036,12.979141596158941,13.95970472662455,216.60360273628174,130.3302886724614,126.57954822835347,16.958991181688024,12.932613504382545,8.167616770675266,acceptable,203.04180025377488,11.859652386995919
214.28717027995012,216.24573019063064,181.07617949511234,19.83521472715222,11.407115280487584,12.0201566840249,33.684496784760526,32.879794200157406,206.1717020929985,6.5210428322227285,9.403234183683491,16.152980250698022,183.33856339957532,133.8241636840734,133.03603535441536,15.052067735766382,14.671266152591704,9.177609792750996,acceptable,203.8696933218977,33.210990784837776
219.3644127614599,206.7167999521451,195.38685093015766,11.65954895295785,18.81927758304644,14.274896879206151,33.24466811564959,15.25215039951518,202.3902273455353,10.273996221226763,12.193536223691586,18.90258053017802,183.17626338572117,132.31496490340362,126.87411944097582,18.58177053157164,13.19063513861656,10.407937549855443,acceptable,207.15602121458755,23.97756183130224
208.40971194493247,192.57400452734993,188.8467159573126,18.216368977104715,14.592651971732138,13.577982653254418,39.884248945006,31.56498504874437,193.4083218948349,6.737615931357438,12.120140203307807,18.25978212708082,184.02549914094132,127.39874112755945,126.41971989760994,13.479414115821665,9.503509789054126,12.488263369633064,acceptable,196.61014414319834,19.56299598761987
206.04590339526698,204.83714269913725,184.0949978643862,18.4144755308476,14.712871673981645,19.791049380151545,42.682842765914735,17.525294831290054,207.04710248301737,8.25104015431699,11.863271966860975,10.696411481624057,186.99525748703837,133.55737258905788,127.27179557023516,18.3704112524294,7.792760884544104,11.428819100587077,acceptable,198.32601465293013,21.95090553088079
207.76602294039324,200.5061901258021,182.21242706786924,12.126443763710961,10.331893545624261,13.039464012407239,43.06325581062566,33.766096368969656,214.84817929052207,12.660647765353026,12.884473432532987,16.649849034759953,190.41147430264013,134.0719503070583,131.70732311905834,15.6044063098044,6.1098946921348105,9.470555438064254,acceptable,196.82821337802156,25.553595872524
198.41433084807704,214.5825443809068,191.86592880751152,13.804005489704096,19.768003285106595,11.107205933263156,38.45096856623889,15.840493503428107,209.59616483067722,14.180765521991507,7.800373295504894,18.58341676799121,191.6887292184759,134.10770161643916,132.53961903596783,18.049067768414385,5.1800655560045445,14.62810357074026,acceptable,201.6209346788318,6.54840204056552
209.06683968281294,192.19004381544534,203.1757865943539,12.8152119841493,18.727538395661277,11.12580390411937,44.073719549215916,25.813969532898206,183.86137880781763,7.41893828258839,5.1240403627731475,14.68767965464506,192.0506104304,130.9835748429776,127.97237807708618,12.999191115069847,12.431931987316034,5.481428359783535,acceptable,201.47755669753738,5.891053088459046
216.11579980767948,214.09055497564725,196.71218732905626,15.932215701073844,18.923024981396523,11.853301795287145,31.579383243816572,19.790203398190762,211.7831311480076,5.346702667264833,10.828068350834897,19.9543751619131,214.2278437535016,130.21445689043588,125.63640909286643,18.313735143857098,10.989785081772105,6.1493299705956685,acceptable,208.9728473707943,19.403612478623216
183.75429139293425,216.3850727774637,196.76801051752312,18.292867993167555,18.789789002822673,15.717723520483222,40.34892703510083,23.608548206419805,192.67786351164477,9.345959608587117,12.738796557301564,16.019234310151315,215.70093159819385,129.43380014379187,131.07089578718754,16.31307553091989,10.916971623063255,12.026337730855163,acceptable,198.96912489597366,-13.013719124588874
189.49733873499224,200.49455110183163,174.1689921123339,13.845113276448124,14.876670686212645,16.522242595454724,49.01062105172407,27.013021330967117,209.74375664706238,10.062660594952028,11.341040313763314,10.709322161337735,190.17566323367387,128.61853093205139,129.72493355006515,10.456487455023836,6.400240975533177,7.768143077913058,acceptable,188.05362731638593,15.32834662265833
218.86130763604203,193.25388028412203,189.2816423244833,11.960977127383929,16.107800710757683,12.806832155159743,34.139851568768535,25.33145256891958,180.22023196641683,5.076640326492253,7.190688091018577,10.367213625008212,184.32103016522765,128.38860649338753,133.02585679579812,15.720486433693008,10.126677259564165,7.934888232081216,acceptable,200.46561008154913,29.579665311558728
217.27014877731267,195.88060164948766,173.48371067183086,16.170665161178015,11.138383934766015,13.45223142801692,40.14823877435617,32.48445049370352,199.74186321360474,12.022587660316642,14.928168389990704,11.314891198979817,190.9892610207808,128.94576075597647,129.2182817853883,14.110210752655458,14.07611002556555,12.140326444668563,acceptable,195.5448203662104,43.78643810548181
204.31620856362815,192.3749087145113,202.95161536885178,19.550605114849887,18.211982825502265,10.015651051914729,42.728027403668136,16.022707628842014,190.30428881334888,5.595247003477716,11.037954529493877,16.865899134926067,184.5795055226362,128.8383888304498,129.5623650895554,13.690530217609165,6.210250004851931,9.189477901874755,acceptable,199.88091088233043,1.3645931947763756
210.04712191233673,182.84030658133022,173.20720056327613,13.547712918359842,19.41725711618925,16.68572646722914,43.5733991334513,22.2383998167573,203.74643164834154,5.101311840277434,11.360960464095422,19.13286947576237,204.50293873379277,133.73698593466344,132.23973055466095,11.205584164036903,14.024533072858418,5.664438443557749,acceptable,188.6982096856477,36.8399213490606
201.35869890191054,185.68548495173832,170.46826442923617,14.22034260127639,12.950407076541563,14.86000493797603,41.54399773469102,15.874781446178947,184.92013180494982,10.586423964504252,8.431673531726583,17.29173487549448,206.09166594367758,133.45604362989906,131.92492826669226,14.299310773901482,11.729666223944324,7.753811742554185,acceptable,185.8374827609617,30.89043447267437
192.2525399511285,211.55940639683172,187.85678065606328,17.983803405183526,18.224223736682784,18.57562337661284,48.332704716824146,23.619704410265925,192.75467273284556,10.821987465941138,8.711724234376277,16.01074166800233,208.22343450575298,131.88405018492136,128.7455288702012,11.668602016987528,9.305293384622075,6.425941440819088,acceptable,197.22290900134115,4.395759295065233
215.60388140735233,193.8350984295143,176.17838988893294,10.254477599057509,16.45822386286484,16.369023174547433,36.812083331625836,16.43423777695302,196.38515579580928,8.112174950633936,11.771206397350094,16.057792494526904,194.5837491279016,127.1789255425499,134.88035966155593,14.540016211961149,11.882742357802371,6.405529675783608,acceptable,195.20578990859985,39.42549151841939
199.4235879863759,181.1014687947786,190.218204716418,19.64017407117702,13.842067129858002,10.389960125749116,30.61911581838687,22.759735198937392,186.40099745852777,5.233520963281859,12.562136139501767,14.585230088818907,191.5697908789062,134.0008318301648,126.16138960200526,19.55918828955319,8.139667173773528,13.884036723086812,acceptable,190.24775383252415,9.205383269957906
204.11771505917847,213.0682943896595,209.36052652841857,12.884054378187457,19.61135485407593,13.894818949024204,37.71023809473844,21.807742085090112,201.65630429390342,6.541450431784871,10.537114853580112,15.41704812410004,210.4760725041948,133.33649961937584,129.40441350312423,13.023332493514937,7.5933489731709445,6.9462383670487196,acceptable,208.8488453257522,-5.2428114692401095
182.305903287961,193.69791915338854,180.80990768523134,19.66417385866407,15.577088262500439,13.472770390305076,41.609352019873924,17.78393402691391,197.7617499680881,11.262343214210638,9.888978317924515,14.017788006543242,219.75393555598794,133.80314762148927,131.2340595815944,15.693773611822827,11.206604798245841,7.013121078224333,acceptable,185.60457670886026,1.4959956027296641
195.80550973057274,181.57838131563597,189.02184149947306,15.430245839576632,12.277497361032097,19.64028847165514,48.18909221874484,29.44286470911812,201.3354651506145,13.69969159647685,6.306523438234629,17.90509794274885,184.99283255867394,132.94210662549406,127.75767568251356,18.770905810181887,14.440420938253979,6.487959694051156,acceptable,188.8019108485606,6.783668231099682
198.50702420261575,219.2394951265074,189.33629743892587,18.635475225145452,15.887315221313198,13.753299079196019,35.715671110517405,19.064461821721746,210.4719276551079,8.86540506823028,10.112754622007511,14.923254800011819,203.09116116932526,133.65577145624553,134.80739343583429,14.07584208573817,13.27518922106303,12.645277946547177,acceptable,202.360938922683,9.170726763689885
202.94115805822292,218.24188574447732,178.0189806211361,11.092642103096214,18.53961966955422,14.391498166337483,46.93937708414121,32.8618041039083,182.49830374476286,13.834647629860607,9.483190553694222,15.104324890042323,205.0637004437284,134.26382606730087,125.19116094429764,14.768434683178171,11.877220424305607,12.227069576982284,acceptable,199.73400814127876,24.922177437086816
184.6266215768554,146.7217564704061,134.96977941858407,20.380732881255202,27.066558115192574,19.181398086218294,46.32114891601609,58.72344057114289,150.44316425567345,24.967312835229674,20.152319482860932,27.427039491736757,164.73096981730967,130.2863055533412,144.7573903712306,27.512168955010136,21.10714197930279,12.14275430951258,poor,155.4393858219485,49.65684215827133
187.67139611284847,178.44613910538206,152.92702578350276,26.491738991933794,27.688821595165983,24.204061713561877,42.65814141909037,44.62883429001633,153.88246673358026,16.11314546548646,16.106597336884413,15.990147662103624,167.44102669847396,132.2199619758263,146.16470420018445,29.21532038946706,11.084747128869079,24.326728109375523,poor,173.0148536672444,34.74437032934571
176.12882996683726,154.9782838976937,123.84310376380817,22.509364021056268,26.91773316736123,25.606297159000473,41.50678034391921,32.18705506103711,170.14366413163185,14.429357410719149,13.485764845840718,19.215067483630705,190.17413716484424,148.5845610726371,138.10205389055133,28.591665031987453,14.82243551871823,17.146554795156874,poor,151.65007254277972,52.285726203029085
161.30144989079997,172.0238021087922,168.94905575874043,24.052396440650682,20.367211261703233,24.717261689857928,43.68762035396163,56.65977240796196,175.1541975389918,16.74024613059463,18.78797182680279,24.371757941841036,153.58879031132565,143.65234442446805,134.8386336063106,25.709289487598845,22.33802191576295,22.059377613287804,poor,167.42476925277754,-7.647605867940456
177.62504837039447,166.00849461553756,127.14379806697059,26.63019225604703,19.071140706700717,22.450431342269198,48.5282227878255,34.0148508899908,181.47788484458684,10.814980522343557,21.229678511893,19.76380192891675,150.00673465022427,140.2225827847446,130.93703817055206,19.142543367313493,20.60464731183574,10.940344324327988,poor,156.92578035096753,50.48125030342388
191.96692461780012,140.19099613292914,132.3411934600951,26.11356084228107,19.744052245939603,16.528385820990202,50.80701756401284,38.111798591535766,192.13559510802776,14.700218763777148,21.833987076640106,28.378082172161022,171.69087097882647,148.19886287708783,137.54636107926385,29.461176247351624,11.339342867883595,20.305288997548644,poor,154.8330380702748,59.62573115770502
174.69070202284644,159.38244027278236,151.63559393743003,25.55785637451497,15.065449044754637,17.504296331207982,61.391381519029565,49.991562407346194,198.30237525643386,21.415566853761746,24.26159061597007,25.538107523022106,164.90261043197216,132.10729844501714,145.6364772668987,24.66223832213874,10.722790185899443,15.400756988514676,poor,161.9029120776863,23.055108085416407
197.8399907742143,165.02005728551006,141.63645680098523,21.86549407738941,18.133240860077457,20.53060756297193,51.0943976796153,31.570650605624174,188.3783814258959,16.247566478558184,22.33269830224635,27.755220016798432,160.5997027349329,143.14706964340257,139.44563608325964,28.202351068822274,13.236110187646812,20.167198004650665,poor,168.16550162023654,56.20353397322907
180.38760611263612,154.76507387859164,126.83004518255864,24.774596407159148,26.07896187198496,19.73441015645025,59.34497812066941,41.8539272283451,185.6603441641309,12.988229123410797,23.353225039542615,19.311143946983698,168.38929938780765,131.16183904160698,132.2302442464255,22.737928540684923,14.013890150919572,22.532203386132913,poor,153.99424172459547,53.557560930077486
150.7346694327477,158.95470243359682,136.86727733845464,15.289914463764015,16.865525985007654,21.20464012377953,54.7859375334234,42.12869241764607,176.5468839206047,18.926975123585223,10.148857316917535,21.96142739180256,198.1749620443794,140.38064560259096,143.55084534917907,19.677957868753246,21.609870672291436,21.593822228141725,poor,148.85221640159972,13.867392094293052
176.06480238270694,188.80069116396066,126.27751073813266,15.254214973343714,26.55237317635644,27.107333060473238,43.606216873617285,37.96748498875818,150.87761816833145,14.399629161708472,21.597128108780073,22.769407915688685,167.4047796584144,137.43478589812662,130.02707251430937,19.497007913478537,19.696881124568957,24.612916657245357,poor,163.7143347616001,49.78729164457428
192.35304134919497,141.17974823227647,164.92803023374196,26.74797619947939,26.705641853564707,21.86993638505357,51.94015878863509,39.08747186499578,153.28474294771829,13.423530452405487,13.69905452467037,22.261156045653024,187.3722203298347,139.47619656795894,131.15688898894322,29.36684701482306,24.140864786411683,21.777843147226125,poor,166.15360660507113,27.425011115453003
199.56639507821103,167.22411664001314,168.1384175126603,16.134075609251262,20.48521122392057,18.380719020101488,45.8749925240281,34.22408846678028,181.12068207829984,21.719827836209575,18.67447599130541,17.204440643823144,190.55618849667354,142.71909414327456,137.7633141225399,25.111954433040943,13.898574688642492,15.177883127413157,poor,178.3096430769615,31.42797756555072
195.8742921565995,154.52522528357102,143.49941340789684,28.35211706094022,25.61582025401291,15.93304839247054,44.41909132836911,30.235247723157503,181.54608951145818,16.715101381156273,12.014122763534132,29.369011815851557,176.48298619728098,134.83786588225777,140.01207142309414,25.194304991026616,11.143588269603468,14.120557225718379,poor,164.63297694935576,52.374878748702656
190.34827454419968,162.98324352013307,147.32885710161474,21.49224003314204,15.658499139645077,17.486246697302338,53.36624916225673,36.27556396223783,152.49895143298394,22.654744960777357,24.71788793746174,26.89714310995109,192.68924608523335,134.8395426063409,149.21253951026398,17.953885566801425,24.271447155427484,24.922289409489267,poor,166.8867917219825,43.01941744258494
185.58614028730244,189.05718658959108,148.4769889783552,18.893126747641354,21.554938284984313,23.903414030681787,42.19244686081045,48.67029793851738,199.05889183811473,12.851614746755914,21.88892674432575,28.618481906694292,197.18507964101104,149.20271208810894,140.42919277442945,29.659618619872553,21.359653107016584,12.425071543554429,poor,174.37343861841623,37.10915130894725
173.8450053233985,175.9165587686002,132.36701579095416,24.609227753233313,24.999007185699288,17.44049615712849,56.95255937358269,53.148807329358235,174.94478322679709,10.181546751641612,10.135577036189382,20.355440159550184,196.3097034215891,134.57353559207218,142.68727377743375,18.33113806039981,14.825049844893229,22.72063134402226,poor,160.70952662765094,41.477989532444354
186.44307211349735,144.76996386566054,141.43510104932167,15.437546454678968,22.213352199045133,24.93651017551602,43.555078707944546,38.66654816727497,169.89183127510785,23.792965369840747,24.89882523134446,15.673669484934237,188.05039617476962,137.43448132804687,137.8491637245896,26.31397460020534,23.776396482181127,24.263928917538227,poor,157.5493790094932,45.00797106417568
178.85612930191604,157.85605796502514,159.37745429293898,18.765020748934504,23.461110432502764,20.378676922873098,59.69893221123628,37.211967386805206,159.57964728674128,23.773586300131555,11.527055244243053,22.589368616023975,161.04263914815044,130.77859926651334,130.7203763658285,17.62832658158741,23.001555317590004,14.2371811596554,poor,165.3632138532934,19.478675008977063
197.52295852876478,169.08111464945966,141.83070948843832,23.701332520041817,22.750475778394016,26.381643806359875,48.47488197918557,40.59151174800907,194.70471512666253,24.196847697256082,23.388373412297117,21.291719909359703,189.0182751503441,139.52671466602197,139.95079704292203,18.07020163585926,18.866954548877747,12.79203846630022,poor,169.47826088888758,55.69224904032646
166.5782349533597,182.75151008099675,130.35379046054277,16.06737427760149,16.035113889192246,29.11176780754662,55.20761313885504,42.28236215451055,190.54392905039592,22.53738891865774,14.98286549673407,25.404270862106927,188.55614079259433,143.0930137373191,133.03190149600198,28.138246252755856,18.086418291040133,14.237086395550055,poor,159.89451183163308,36.22444449281693
171.2614092718847,141.87855451994537,126.39334006112088,26.48320125773791,15.000174521330493,21.248487427234384,55.675305432567654,31.639032600029168,198.65390814861664,13.39187996874508,14.562980794544213,19.559137683825412,161.5208331058675,130.02947644172622,144.58689588175992,29.50268249698928,13.364402249275676,19.945707877051337,poor,146.51110128431696,44.86806921076382
187.09481634793576,182.42126895452623,141.13145985068047,19.543963584606438,19.879427010345466,25.689319996477693,64.50338399516909,35.448419032698084,168.54705040788826,23.52910295123725,22.10040279542109,29.772876041437137,187.71241298410405,137.86390402055844,141.81275667989274,24.915213813709805,11.17683724475686,18.167454386557978,poor,170.21584838438082,45.96335649725529
185.4660414236305,148.36606520005301,159.03158587127785,23.756591707711674,29.28332678546392,15.636334473103375,47.95978412666401,48.04661637899472,164.82799561029654,20.716362461068634,21.385079237828965,16.537739460997116,175.6927232103384,140.17781111182111,137.3856154043108,28.99387293854508,22.41259479809832,20.45814072864455,poor,164.28789749832046,26.43445555235263
185.7163317867499,163.08580719065594,166.0497260548288,25.41893140879928,25.93471592483725,27.92536355681018,48.22214768026573,54.212127116001085,159.7620301478246,15.180129283673317,15.034156814047641,29.677882025837107,192.82686118739633,144.0233972318052,144.5411352323078,23.431091916038568,24.206360006627786,17.44388129323542,poor,171.61728834407822,19.666605731921095
169.02588549349474,148.15176684657956,159.3102826130529,26.016658981133872,20.765325577862022,15.37790120938844,65.16991983154033,30.34253950362221,185.18498898145253,24.553856645890853,16.56491992222305,18.52460107493929,185.2435505021691,146.3425628403117,140.92860632155694,29.50552912884219,10.775030824869416,17.571933974567923,poor,158.8293116510424,9.71560288044185
185.9226973661275,183.13202355745895,128.9627805953895,27.00005222645522,23.290606135778177,20.94830522984945,43.951450857372805,55.95887276726737,157.86366040898577,14.64681788813649,14.350682979436552,28.071210512862812,183.6351497104449,145.93362794382745,135.00935797584998,24.373111494104982,18.576189747156228,22.492455651824066,poor,166.00583383965864,56.959916770738005
195.30435302406303,140.60783857386934,153.70099595293965,15.777536986795935,23.23287997616034,19.314490935655172,49.203297985664236,40.5887551035707,181.0646224524805,15.010749485031539,20.990485758854206,21.067910783608045,153.41766001549794,145.67519684968215,135.71516649185412,21.49150319398894,20.281658248328522,14.98684235723068,poor,163.2043958502907,41.60335707112338
152.82928280733577,158.69605235064068,167.22242913471518,24.626015959478373,25.072187230008105,24.4842323045646,45.9697641687831,42.5500159230684,187.5469899181659,11.520593463297388,14.167791641345683,19.144786626987802,171.60094637972531,149.6073748188437,131.35005093367644,22.780514915708928,12.690470230183157,24.56014818114616,poor,159.58258809756387,-14.393146327379412
155.66517523637322,160.18005011807958,156.8942492417303,25.56831642041168,21.340929553408984,20.197862519290773,51.92837135658612,37.92828789475918,160.26664693534,17.24559546338335,14.028006341014109,19.31192497345875,182.83780317372785,149.37074663399784,142.0727440111875,16.154692005974493,11.133754207811005,24.27134831268349,poor,157.57982486539436,-1.2290740053570914
164.8645395153667,144.60334930412378,149.9522293575191,24.354731674353992,24.72757230178032,19.011030417863118,40.453320526434254,58.95046108363415,162.54465228455513,20.14039432078821,20.599448048180644,24.150111256192286,165.64536971068242,135.4219250752813,141.95336565405407,27.991434504175373,24.201005933850933,11.588587066056364,poor,153.1400393923365,14.9123101578476
157.741430629886,187.236812939154,156.82676141673963,28.244907372446598,18.039489512030148,23.813788066641028,61.03418783252421,50.403356563409176,170.4075845433349,10.230923375369628,18.74389085206395,18.796523087694133,172.5127123071445,149.15162030167636,137.9807063528487,27.5970240999664,12.828109086238767,20.086907470375433,poor,167.2683349952599,0.9146692131463681
198.85034772194717,145.09465504364684,120.4159971113596,21.503741889489216,16.38938224577051,26.22576524514347,67.43645991545677,43.02062918126276,162.93558210777203,16.516049785099145,20.851717267750015,15.135812423705564,179.47269947423484,142.26583369774758,142.7537649379187,18.630331199713158,20.710790850671902,11.370872294976646,poor,154.78699995898455,78.43435061058757
159.96351682334003,183.8735023327241,156.93615753632832,15.206183310170179,18.725643905547003,18.21609724489747,48.12418984110918,37.426793108396595,153.1263147871423,16.884107748952303,20.991002121792476,24.100975870761545,183.643583429904,131.62298357072478,149.02981420353575,27.577377507645373,22.07635477743494,22.34475707562651,poor,166.92439223079748,3.0273592870117056
196.63552540663807,167.21269830568488,130.01410089338128,24.251754117788117,26.143222405019085,26.06876090031038,55.6434707250064,32.05376158000734,168.5556469215064,23.81149912695036,18.766733646361388,23.074979148835702,163.44267571910967,137.3689783983316,147.90692178306338,24.996945712902537,21.810805401284995,16.815181346014825,poor,164.62077486856808,66.62142451325678
181.5123609728079,152.41918043716038,155.2730415141743,21.41402000555006,21.638182722221185,24.739834868653226,68.0884186440678,31.920190398258626,191.23716186735038,14.385746656182896,16.658791817595667,15.328699931625135,165.05230389171564,140.0526248526026,131.12352154694878,22.36643594074748,23.90665943287641,11.580898271617079,poor,163.06819430804754,26.239319458633588
188.22203640377523,160.48355266879963,152.7586857262169,18.90354896977844,17.392383938120375,17.406939214068395,42.114758369294336,35.56940114703729,183.2109692494484,23.22535917765262,22.211885283867428,25.27701464811726,155.52159317055512,135.78374892591899,136.1961375064494,18.74935419596432,17.725084895645846,18.033307223195088,poor,167.1547582662639,35.46335067755834
167.8442987585555,157.6894579368218,161.42777989530407,26.83939272479528,19.616937475211184,28.70682665809889,68.58445051007519,39.80227626090122,167.72124743965276,17.584512301329383,24.116812188005103,28.144791497134673,155.1283981291795,137.85461486542832,141.06742379499545,22.5469870882731,12.90794601905339,22.88225156752232,poor,162.3205121968938,6.41651886325144
183.84703914984186,181.89541874259018,162.93821396747362,26.225337804986097,21.58815901874576,24.158201325231367,44.810962183592295,50.209362524247226,158.96266278696405,20.409243857652353,13.443972411309531,16.7632695022533,158.26422450714787,130.0398427043814,144.37479235707062,25.986015735875686,17.724000248698893,12.420442015830755,poor,176.22689061996857,20.908825182368247
154.1777168755345,140.95644832186434,128.28740884826104,28.362833024747204,18.623052625525226,20.314069908258233,43.16036453443999,36.67083914244511,175.96122853901025,19.116290246434787,13.680284712493165,15.865982388376757,169.55164345636993,134.6840674185267,134.39107846459603,29.397942040701828,19.244507288885863,18.35317664758144,poor,141.14052468188663,25.89030802727345
170.7887551761661,161.44721667150722,147.04525019190405,25.44644710554161,25.53219144272744,17.575408615581743,55.00338256229881,42.35874285102306,193.5263483134692,19.471283818275644,17.98756099623973,16.73091963268376,180.28189446617057,132.34407811360467,136.74413151131503,17.142629472214978,20.381104705365534,13.09378170754229,poor,159.7604073465258,23.743504984262046
169.5929686594013,184.78373888093893,130.2158191699485,22.617075959381687,21.289074917490332,15.271860615685945,63.782743407184384,32.07137718943799,173.71275104884768,18.41017442408425,19.426396849218804,25.32947443961813,162.66361917613574,130.199575533169,144.46887324709823,23.03484899021368,22.54176554810873,22.320825443510415,poor,161.53084223676294,39.37714948945279
192.16630838939415,164.254732998977,136.68141979184327,26.87337303887055,21.769411695438823,17.75163294605152,65.64922058684422,56.47679630317042,173.3154878070085,11.135495909646812,15.817391348753969,27.05306489193905,195.08870142731143,134.0694548499519,131.33947224050544,28.16025679699258,15.841074084683129,18.12641446401345,poor,164.36748706007145,55.48488859755088
198.40329060253794,143.32823639571114,152.41590037260477,16.111581338623004,20.632033926997504,27.057218177901703,53.004166982669034,59.915470617088516,177.9529642473301,14.817432289539301,13.301669888571297,20.25780801429243,168.62666368797755,131.37427355447923,137.39148398853547,21.963577796088373,20.84106628358207,19.85094227082412,poor,164.71580912361796,45.98739022993317
185.4382827614577,140.41818409384285,130.8833699790268,24.925264325997848,22.25984052269621,15.079702135025189,64.13483927295468,53.18428719871012,177.42095814967814,10.996949886644082,21.49772574298877,23.75570381597046,189.09799885789795,145.0349398479168,146.06004143915675,22.770120996069373,12.104867772902725,20.06736210069533,poor,152.24661227810915,54.554912782430904
181.02368925259853,177.11265935995436,128.49405030253678,17.924627998504338,28.356142758289927,26.249666976781064,67.24685466100969,52.76145963491762,179.8577652995151,19.811991055418105,23.33691885910015,23.682101317679106,181.61956621641937,133.12953432007203,139.47842440232205,25.745956679371485,14.064140474745482,13.033812707868023,poor,162.21013297169654,52.52963895006175
165.69134041122078,152.07503139964166,130.74563185181978,21.372762643021304,28.61757770825301,22.605894701080775,45.63761142445969,32.309150081426225,184.80780725689627,15.741981466545816,22.32746419878039,24.89266152961155,189.81207252706844,135.438920788369,143.84717844922116,18.96092977040578,24.086027191754376,19.545614223000616,poor,149.50400122089408,34.945708559401
166.2255900087671,153.47559311461364,129.54632925358217,25.419614383405914,18.280734194968908,23.929548988912337,47.93905080776072,49.85906834381606,190.74698642702697,21.670378647169798,21.412769963961725,17.81583608538378,154.41924734922594,143.97897656974772,137.36694427588702,21.48519339605021,10.467236391900865,13.893646739125739,poor,149.749170792321,36.67926075518494
151.6838201937232,183.9592886300624,132.1698341609265,23.36005754359512,15.584689809916956,25.00271086958487,49.69082037262282,56.93757560872997,194.4059094467018,14.879359275426218,23.51441343535702,29.94236510248168,191.2707832061974,146.89742695510458,134.9801747221818,23.650535982866344,11.008838709510517,11.423769052325046,poor,155.9376476615707,19.51398603279668
199.94463060166453,156.33196247129555,157.4091956024423,27.099975795402248,27.87034906510844,29.964424461032348,47.24489455770603,31.210524805790993,170.5595758997293,11.951210047434204,10.336388337430828,20.406402407122293,189.18691255376183,141.32361382450142,136.2555597842071,24.815130082390795,13.48027270463216,10.215721691081276,poor,171.2285962251341,42.53543499922222
188.21766932182138,171.18715424320044,158.115131225048,15.584070250314983,27.556794417459784,24.292893000544552,56.901860521379206,48.738421443435946,193.2216623434182,18.804047598383605,18.714255698322688,29.860187355986486,187.8365083534284,138.8458761090227,144.14794000065856,20.838457075376827,13.433131937252485,18.95277815331639,poor,172.50665159668995,30.102538096773372
196.40910490569757,186.45697600077312,137.09526390527452,22.915161993325427,18.174538478547916,29.93446664248325,69.43353723603806,49.485267891223415,190.22070298387368,20.7265024192555,18.897373285592025,15.800219954833466,172.73821712763305,143.4957260433482,143.55063227767369,20.596839276335754,24.12537979987046,12.510355483551715,poor,173.32044827058175,59.313841000423054
175.01797231077802,174.54419882754115,154.85679029459047,24.729584351532232,19.1293232017779,17.34309853029933,59.078209804801325,47.97906348418313,158.96780051446206,20.57708718355845,16.827579876004847,25.016408874047293,191.86835398850752,133.39456857153846,130.38289735993672,26.6865387959368,19.145461377289237,20.494593544331828,poor,168.1396538109699,20.161182016187553
191.90774874943213,180.14054674122502,168.04600734644123,23.039026182781775,22.32743448989858,21.02830799836095,44.61073128532614,47.17821698646067,163.85062621629893,23.819612683194634,18.747862064156465,23.892602707621652,167.7462330438505,131.03978703955414,130.63487530745977,21.350027162297962,11.268480671458567,19.10270433310209,poor,180.03143427903282,23.8617414029909
194.04865028198287,184.14574082593612,152.95227050661163,18.168477472093965,27.94495247038308,28.29140152969812,45.89960754858876,52.12278257312032,164.32597744635615,22.039604685293945,24.95856849855404,15.450390079940892,194.86829328954659,142.45261067197316,149.4676523832964,21.975142762896414,22.710818958570606,10.935911028974159,poor,177.0488872048435,41.09637977537125
166.7639525039148,143.3508268875605,168.76715667395354,27.25460860907755,27.788211318689555,29.06947847150841,42.55310458359356,41.5679277754,153.5517444522001,13.16189652325043,13.440486655565085,22.03660816571368,163.42810837268212,132.01956213635523,133.34982178188216,17.209133453281364,24.596151968684474,21.389387603777102,poor,159.62731202180962,-2.0032041700387424
198.3880732634781,161.98702432539542,133.91842408313283,26.9743979581378,19.893808770617202,19.490750605580224,46.97517976623494,33.89036934672706,162.8231530508383,15.329796227108314,20.109913122185958,15.938472633291774,160.52534698326716,146.18047280583352,132.93843847167543,20.139677197837823,22.969883827872103,12.32387966715164,poor,164.76450722400213,64.46964918034527
154.1368417809095,164.22689975400056,135.12097556392683,23.45112546725781,27.05707335725213,17.057227322291148,57.420972536628554,45.16526281169592,157.20393930065998,19.359977282934736,14.104606267911574,22.317514778160188,154.1136162138531,139.19168114427245,136.1292693608564,27.335718167780314,10.854680904960524,16.27910912377495,poor,151.16157236627896,19.01586621698266
172.9215712065719,176.25030381495594,148.71437875451056,25.008185057912716,26.65573928477634,27.933044604872833,49.41626490167411,46.14068116091709,192.00540392196,24.841766964475845,23.342789665656447,20.572008939365652,159.75832586093253,139.78785074813177,144.83282903672085,22.38853606129946,17.247712949705026,22.57345631622701,poor,165.96208459201281,24.20719245206135
168.07018895335932,182.98973374058227,140.34024004758618,19.92349658517509,21.809848667995485,26.436704380123025,43.780060835919826,35.89257647616052,197.5722412831546,12.63237441072036,18.51590976896582,23.689716999929068,174.48122310251225,142.89490497153636,134.59653451595236,23.289934016651223,15.582598828703457,19.925008894437838,poor,163.80005424717592,27.729948905773142
